"WBIC","species","surveyYear","county","meanEF_CPEkm","totalFishCaught","totalDistShockedKm","totalHoursSampled","std","N"
97700,"WALLEYE",2005,"DOOR",5.28788198888986,59,4.349597,4,0.404226725671159,2
97700,"WALLEYE",2009,"DOOR",3.00744404538506,15,1.864113,1,NA,1
97700,"WALLEYE",2013,"DOOR",6.90345110417935,29,1.864113,2,NA,1
98600,"WALLEYE",2004,"DOOR",1.90761430151491,54,11.184678,11,NA,1
98600,"WALLEYE",2008,"DOOR",1.68392011632098,65,14.912904,7,NA,1
98600,"WALLEYE",2012,"DOOR",8.82970658779375,52,2.485484,3,NA,1
184200,"WALLEYE",2014,"LANGLADE",4.61679943330806,13,1.242742,1,NA,1
189800,"WALLEYE",2002,"PORTAGE",2.98258913591907,6,0.621371,1,NA,1
198100,"WALLEYE",2010,"LANGLADE",8.11202107696323,136,6.21371,6,4.41573760108169,2
270200,"WALLEYE",2000,"PORTAGE",0.70836491978078,2,1.242742,1,NA,1
270200,"WALLEYE",2002,"PORTAGE",1.13089838070265,2,0.621371,0,NA,1
310500,"WALLEYE",2000,"MARATHON",1.83926330048343,8,1.864113,1,NA,1
322500,"WALLEYE",2014,"SHAWANO",1.09361601650366,3,1.242742,1,NA,1
322800,"WALLEYE",2012,"SHAWANO",0.347968732523892,2,2.485484,2,NA,1
322800,"WALLEYE",2014,"SHAWANO",2.69675767706016,51,7.456452,6,NA,1
322800,"WALLEYE",2016,"SHAWANO",10.3023599736538,62,2.485484,2,NA,1
326400,"WALLEYE",2016,"SHAWANO",4.58573079647557,24,1.864113,2,NA,1
348700,"WALLEYE",2003,"LANGLADE",2.2617967614053,4,0.621371,1,NA,1
348700,"WALLEYE",2009,"LANGLADE",1.69634757105397,3,0.621371,1,NA,1
376900,"WALLEYE",2006,"FOREST",18.0446642723104,392,8.699194,4,NA,1
378400,"WALLEYE",2002,"FOREST",17.1250326220687,248,5.592339,5,NA,1
387200,"WALLEYE",2005,"LANGLADE",20.4555904905116,239,3.728226,4,14.8440510650022,3
388100,"WALLEYE",2012,"FOREST",0.0372823641989884,3,32.932663,18,NA,1
388500,"WALLEYE",2006,"FOREST",4.4987386133446,63,5.592339,4,NA,1
388500,"WALLEYE",2012,"FOREST",0.310686368324903,11,13.670162,8,NA,1
394400,"WALLEYE",2001,"FOREST",6.07702536443511,309,19.883872,11,NA,1
394400,"WALLEYE",2004,"FOREST",2.28043794350479,145,24.85484,NA,NA,1
394400,"WALLEYE",2007,"FOREST",4.91505834689997,219,17.398388,12,NA,1
394400,"WALLEYE",2010,"FOREST",8.87320267935924,424,18.64113,9,NA,1
394400,"WALLEYE",2013,"FOREST",13.6888413883952,174,4.970968,4,NA,1
394400,"WALLEYE",2016,"FOREST",22.8416617992469,418,6.835081,5,NA,1
396500,"WALLEYE",2006,"FOREST",2.26801048877179,95,16.155646,14,NA,1
397100,"WALLEYE",1998,"LANGLADE",0.459815825120857,4,3.106855,NA,NA,1
397100,"WALLEYE",2008,"LANGLADE",0.298258913591907,4,4.970968,4,NA,1
399200,"WALLEYE",1998,"LANGLADE",3.47347359787242,85,9.320565,NA,NA,1
399200,"WALLEYE",2008,"LANGLADE",4.08863260715573,50,4.970968,4,NA,1
406400,"WALLEYE",2000,"FOREST",0.0248549094659923,1,14.291533,7,NA,1
406900,"WALLEYE",2003,"FOREST",1.65285147948849,68,16.155646,10,NA,1
417400,"WALLEYE",2007,"OCONTO",5.4556526277853,79,5.592339,6,NA,1
417400,"WALLEYE",2011,"OCONTO",11.364907353325,75,2.485484,2,NA,1
417900,"WALLEYE",2002,"OCONTO",6.46227646115799,26,1.864113,1,NA,1
417900,"WALLEYE",2008,"OCONTO",2.62219294866218,25,3.728226,4,NA,1
417900,"WALLEYE",2016,"OCONTO",12.986690195981,56,1.864113,1,NA,1
418300,"WALLEYE",2007,"OCONTO",0.391464824089378,2,1.864113,2,NA,1
418700,"WALLEYE",1996,"OCONTO",28.2289634260007,159,2.485484,NA,NA,1
418700,"WALLEYE",2008,"OCONTO",6.46227646115799,107,6.21371,6,NA,1
418700,"WALLEYE",2016,"OCONTO",5.12011134999441,31,2.485484,2,NA,1
439500,"WALLEYE",2010,"OCONTO",1.16818074490164,6,1.864113,2,NA,1
439800,"WALLEYE",2008,"OCONTO",1.66527893422148,39,9.320565,8,NA,1
439800,"WALLEYE",2014,"OCONTO",0.621372736649807,3,1.864113,2,NA,1
446600,"WALLEYE",2013,"OCONTO",0.335541277790896,2,2.485484,2,NA,1
446600,"WALLEYE",2014,"OCONTO",0.789143375545255,5,2.485484,2,NA,1
458700,"WALLEYE",2012,"OCONTO",2.5786968570967,18,2.485484,3,NA,1
462520,"WALLEYE",2013,"OCONTO",0.155343184162452,1,2.485484,2,NA,1
465000,"WALLEYE",2008,"OCONTO",0.211266730460934,5,9.320565,8,NA,1
465000,"WALLEYE",2016,"OCONTO",0.105633365230467,1,3.728226,3,NA,1
470600,"WALLEYE",2009,"OCONTO",1.13089838070265,4,1.242742,1,NA,1
471200,"WALLEYE",2009,"OCONTO",0.807784557644749,6,3.106855,3,NA,1
478200,"WALLEYE",1998,"FOREST",16.0127754234655,163,4.349597,NA,3.04048798004829,2
478200,"WALLEYE",2014,"FOREST",34.2500652441373,113,1.242742,1,NA,1
479300,"WALLEYE",1998,"FOREST",4.66029552487355,39,3.106855,2,NA,1
487500,"WALLEYE",2006,"OCONTO",1.44779847639405,22,5.592339,5,NA,1
487500,"WALLEYE",2014,"OCONTO",8.6743634036313,74,3.106855,3,NA,1
487500,"WALLEYE",2015,"OCONTO",21.7480457827432,112,1.864113,2,NA,1
494200,"WALLEYE",2015,"LANGLADE",3.05715386431705,18,2.485484,2,NA,1
498800,"WALLEYE",2009,"MARINETTE",0.428747188288367,1,0.621371,1,NA,1
501200,"WALLEYE",2005,"MARINETTE",2.21208694247331,16,3.106855,2,NA,1
501200,"WALLEYE",2013,"MARINETTE",1.16196701753514,7,2.485484,2,NA,1
504300,"WALLEYE",1998,"OCONTO",1.58450047845701,4,1.242742,NA,NA,1
515100,"WALLEYE",2013,"OCONTO",4.10106006188872,33,3.106855,2,NA,1
519500,"WALLEYE",2015,"OCONTO",0.869921831309729,7,3.106855,3,NA,1
525900,"WALLEYE",2009,"MARINETTE",9.16524786558465,59,2.485484,2,NA,1
525900,"WALLEYE",2014,"MARINETTE",3.72823641989884,18,1.864113,2,NA,1
531300,"WALLEYE",2014,"MARINETTE",1.24274547329961,8,2.485484,2,NA,1
531300,"WALLEYE",2015,"MARINETTE",6.36907055066052,41,2.485484,2,5.49221094661901,2
540600,"WALLEYE",2005,"MARINETTE",1.70256129842047,43,9.941936,7,NA,1
540600,"WALLEYE",2010,"MARINETTE",2.41713994556775,45,7.456452,6,NA,1
540600,"WALLEYE",2014,"MARINETTE",10.7683895261411,143,4.970968,4,NA,1
545400,"WALLEYE",2006,"MARINETTE",1.23653174593312,30,9.320565,8,NA,1
545400,"WALLEYE",2012,"MARINETTE",1.98839275727938,32,6.21371,5,NA,1
555700,"WALLEYE",1998,"FOREST",0.733219829246772,27,14.291533,NA,NA,1
555700,"WALLEYE",2011,"FOREST",1.63421029738899,10,2.485484,2,NA,1
585100,"WALLEYE",2005,"FLORENCE",1.9262554836144,17,3.106855,4,NA,1
608400,"WALLEYE",2013,"FOREST",13.9187493009557,43,1.242742,1,NA,1
609200,"WALLEYE",2011,"MARINETTE",7.7050219344576,31,1.864113,1,NA,1
609400,"WALLEYE",2001,"MARINETTE",3.41755005157394,11,1.242742,5,NA,1
634300,"WALLEYE",2010,"MARINETTE",9.79283432960095,93,3.728226,3,NA,1
634300,"WALLEYE",2014,"MARINETTE",8.0281357575155,62,3.106855,2,NA,1
646900,"WALLEYE",2015,"MARINETTE",2.54762822026421,16,2.485484,2,NA,1
647300,"WALLEYE",2016,"MARINETTE",4.69757788907254,34,3.106855,2,NA,1
647500,"WALLEYE",2009,"MARINETTE",7.76715920812258,50,2.485484,2,NA,1
650500,"WALLEYE",2002,"FLORENCE",0.0683510010314787,1,5.592339,3,NA,1
651600,"WALLEYE",2002,"FLORENCE",9.44486559707706,152,6.21371,4,NA,1
651600,"WALLEYE",2012,"FLORENCE",4.64786807014055,73,6.21371,3,NA,1
653700,"WALLEYE",2000,"FLORENCE",12.849988193918,242,7.456452,4,NA,1
653700,"WALLEYE",2004,"FLORENCE",12.7443548286875,320,9.941936,NA,0.114237987689676,2
653700,"WALLEYE",2011,"FLORENCE",8.034349484882,53,2.485484,2,NA,1
672300,"WALLEYE",2005,"FLORENCE",0.820212012377745,15,6.835081,3,NA,1
672900,"WALLEYE",2000,"FLORENCE",4.44902879441262,106,9.320565,6,NA,1
672900,"WALLEYE",2007,"FLORENCE",13.3967962021698,69,1.864113,1,NA,1
672900,"WALLEYE",2012,"FLORENCE",1.53479065952502,23,5.592339,3,NA,1
677100,"WALLEYE",1998,"FLORENCE",2.34257521716977,32,4.970968,NA,NA,1
677100,"WALLEYE",2007,"FLORENCE",3.26220686741149,42,4.970968,3,NA,1
677100,"WALLEYE",2011,"FLORENCE",6.83510010314787,44,2.485484,2,NA,1
677100,"WALLEYE",2013,"FLORENCE",6.87238246734686,44,2.485484,2,NA,1
677400,"WALLEYE",2004,"FLORENCE",0.0994196378639691,4,14.912904,NA,0,2
679300,"WALLEYE",2013,"FLORENCE",26.8805845874706,122,1.864113,1,NA,1
683000,"WALLEYE",2008,"FOREST",20.3375296705482,108,1.864113,1,NA,1
691800,"WALLEYE",2007,"FOREST",21.8412516932407,84,1.242742,1,NA,1
692400,"WALLEYE",1997,"FOREST",10.2650776094548,542,20.505243,13,NA,1
692400,"WALLEYE",2004,"FOREST",3.56046578100339,268,29.204437,NA,NA,1
692400,"WALLEYE",2014,"FOREST",21.9096026942722,275,4.970968,4,NA,1
692900,"WALLEYE",1997,"FOREST",8.78621049622827,263,11.806049,7,NA,1
692900,"WALLEYE",2002,"FOREST",3.26842059477798,142,18.019759,11,0.911789065754912,3
701900,"WALLEYE",2010,"FLORENCE",0.366609914623386,3,3.106855,3,NA,1
702600,"WALLEYE",2011,"FLORENCE",2.98880286328557,52,6.835081,4,NA,1
703900,"WALLEYE",2010,"FLORENCE",10.5757639777797,73,2.485484,2,NA,1
716800,"WALLEYE",2007,"VILAS",23.6183777200592,707,11.806049,10,NA,1
716800,"WALLEYE",2015,"VILAS",13.1544608348764,257,7.456452,6,NA,1
968100,"WALLEYE",2005,"ONEIDA",11.1474268954975,61,1.864113,1,NA,1
968800,"WALLEYE",2007,"VILAS",11.4581132638224,354,11.806049,7,NA,1
970000,"WALLEYE",2007,"ONEIDA",4.93369952899947,15,1.242742,1,NA,1
971600,"WALLEYE",1999,"ONEIDA",2.03810257621137,44,8.077823,4,NA,1
971600,"WALLEYE",2008,"ONEIDA",1.78955348155144,11,2.485484,2,NA,1
971600,"WALLEYE",2016,"ONEIDA",0.621372736649807,4,2.485484,2,NA,1
972000,"WALLEYE",2007,"ONEIDA",2.8831694980551,26,3.728226,3,NA,1
972000,"WALLEYE",2009,"ONEIDA",6.1018802739011,55,3.728226,3,NA,1
973000,"WALLEYE",2003,"ONEIDA",15.7642263288056,137,3.106855,3,NA,1
973000,"WALLEYE",2005,"ONEIDA",7.61802975132663,76,3.728226,3,NA,1
973000,"WALLEYE",2015,"ONEIDA",6.85374128524737,32,1.864113,1,NA,1
974200,"WALLEYE",2008,"ONEIDA",7.84172393652056,27,1.242742,1,NA,1
977500,"WALLEYE",2005,"ONEIDA",3.61017559993538,144,15.534275,12,NA,1
979100,"WALLEYE",2004,"LINCOLN",3.69095405569985,19,2.485484,2,3.56774023092371,2
983600,"WALLEYE",2009,"VILAS",15.9754930592665,54,1.242742,1,NA,1
984700,"WALLEYE",2003,"VILAS",12.8189195570855,33,1.242742,1,NA,1
986000,"WALLEYE",2007,"ONEIDA",0.236121639926927,1,1.864113,2,NA,1
988200,"WALLEYE",2007,"ONEIDA",45.6522549616613,72,0.621371,1,NA,1
991700,"WALLEYE",2005,"VILAS",7.61802975132663,103,4.970968,4,NA,1
995000,"WALLEYE",2007,"ONEIDA",17.8644661786819,529,11.184678,10,NA,1
995000,"WALLEYE",2009,"ONEIDA",24.9916114680552,370,5.592339,5,NA,1
995200,"WALLEYE",1998,"VILAS",11.8682192700113,382,12.42742,6,NA,1
995200,"WALLEYE",2016,"VILAS",75.4097953198205,642,3.106855,1,NA,1
1000400,"WALLEYE",2002,"VILAS",0.845066921843737,3,1.242742,1,NA,1
1001000,"WALLEYE",2007,"LINCOLN",0.857494376576733,24,11.184678,8,0.808453451342319,2
1001300,"WALLEYE",1999,"ONEIDA",4.06999142505623,51,9.320565,4,4.54315689504325,2
1004600,"WALLEYE",2005,"ONEIDA",0.826425739744243,26,12.42742,8,NA,1
1005600,"WALLEYE",2005,"LANGLADE",2.07124245549936,30,5.592339,5,0.903073586909852,3
1012100,"WALLEYE",2001,"LINCOLN",7.0587942883418,92,4.970968,4,NA,1
1017400,"WALLEYE",2014,"LINCOLN",6.80403146631538,23,1.242742,1,NA,1
1017400,"WALLEYE",2015,"LINCOLN",1.47886711322654,5,1.242742,1,NA,1
1018500,"WALLEYE",2003,"VILAS",22.2078616078641,386,6.835081,7,NA,1
1018500,"WALLEYE",2006,"VILAS",12.1726919109697,143,4.349597,3,NA,1
1018500,"WALLEYE",2009,"VILAS",45.1054469534095,196,1.864113,2,NA,1
1018500,"WALLEYE",2012,"VILAS",13.8193296630917,169,4.970968,3,NA,1
1018500,"WALLEYE",2015,"VILAS",31.5346663849777,204,2.485484,2,NA,1
1019500,"WALLEYE",2005,"ONEIDA",21.8350379658742,260,4.349597,3,NA,1
1019500,"WALLEYE",2009,"ONEIDA",17.5475660829905,209,4.349597,4,NA,1
1019500,"WALLEYE",2014,"ONEIDA",1.55343184162452,15,3.728226,3,NA,1
1020300,"WALLEYE",2003,"VILAS",0.124274547329961,3,9.320565,5,NA,1
1022900,"WALLEYE",2006,"VILAS",14.2791454882126,193,4.970968,5,NA,1
1179900,"WALLEYE",2012,"WOOD",7.30112965563523,47,2.485484,2,NA,1
1389800,"WALLEYE",2001,"WOOD",3.65367169150086,47,4.970968,4,NA,1
1396200,"WALLEYE",2015,"WOOD",16.8019187990108,73,1.864113,1,NA,1
1396900,"WALLEYE",2009,"PORTAGE",2.83967340648962,16,2.485484,2,NA,1
1405200,"WALLEYE",2000,"MARATHON",4.03892278822374,13,1.242742,1,NA,1
1406300,"WALLEYE",2002,"MARATHON",1.81440839101744,7,1.242742,1,NA,1
1409400,"WALLEYE",2009,"PORTAGE",59.6517827183814,192,1.242742,1,NA,1
1409400,"WALLEYE",2015,"PORTAGE",62.764860128997,633,3.728226,4,NA,1
1412200,"WALLEYE",1997,"MARATHON",20.3188884884487,1030,19.883872,11,NA,1
1412200,"WALLEYE",2003,"MARATHON",24.8549094659923,1360,21.126614,13,NA,1
1412200,"WALLEYE",2014,"MARATHON",13.7509786620602,83,2.485484,2,NA,1
1427400,"WALLEYE",2003,"MARATHON",24.1092621820125,3628,58.408874,36,NA,1
1427400,"WALLEYE",2009,"MARATHON",9.91089514956442,67,2.485484,1,NA,1
1427400,"WALLEYE",2011,"MARATHON",24.0719798178135,368,6.21371,8,NA,1
1427400,"WALLEYE",2013,"MARATHON",9.61884996333901,65,2.485484,2,NA,1
1427400,"WALLEYE",2014,"MARATHON",15.5343184162452,105,2.485484,2,NA,1
1427400,"WALLEYE",2015,"MARATHON",67.3133085612736,455,2.485484,2,NA,1
1427400,"WALLEYE",2016,"MARATHON",57.837374327364,417,2.485484,2,NA,1
1434900,"WALLEYE",2001,"MARATHON",0.416319733555371,2,1.864113,2,NA,1
1434900,"WALLEYE",2010,"MARATHON",13.9808865746207,45,1.242742,2,NA,1
1437500,"WALLEYE",1995,"MARATHON",28.5520772490586,1298,17.398388,15,NA,1
1437500,"WALLEYE",2005,"MARATHON",10.5633365230467,136,4.970968,3,NA,1
1437800,"WALLEYE",2000,"MARATHON",0.136702002062957,1,3.106855,1,NA,1
1445500,"WALLEYE",2007,"LANGLADE",0.155343184162452,2,4.970968,4,NA,1
1445600,"WALLEYE",2002,"LANGLADE",0.90099046814222,19,8.077823,7,NA,1
1469100,"WALLEYE",2015,"TAYLOR",12.8064921023525,81,2.485484,2,NA,1
1482400,"WALLEYE",2007,"LINCOLN",17.6935886761032,131,2.485484,4,21.5865859045914,2
1490300,"WALLEYE",2006,"LINCOLN",2.1033467135596,27,4.970968,4,2.53520457295934,2
1494600,"WALLEYE",2011,"LINCOLN",34.8217281618552,853,9.320565,14,NA,1
1502400,"WALLEYE",2013,"LINCOLN",11.327624989126,298,9.941936,7,NA,1
1503000,"WALLEYE",2013,"LINCOLN",7.86036511862006,238,11.806049,9,NA,1
1506800,"WALLEYE",2005,"LINCOLN",6.45606273379149,332,19.262501,14,2.35942927634567,5
1515200,"WALLEYE",2000,"TAYLOR",19.6353784781339,79,1.864113,1,NA,1
1515200,"WALLEYE",2001,"TAYLOR",45.8573079647557,246,3.728226,3,43.2346845717849,2
1515200,"WALLEYE",2004,"TAYLOR",11.414617172257,90,3.106855,2,NA,1
1515400,"WALLEYE",2009,"LINCOLN",48.5261038686667,1778,32.932663,31,44.144194704545,2
1516000,"WALLEYE",2015,"LINCOLN",10.3210011557533,149,5.592339,5,NA,1
1516400,"WALLEYE",2001,"LINCOLN",11.7501584500478,416,13.670162,8,NA,1
1516400,"WALLEYE",2012,"LINCOLN",22.3134949730946,265,4.349597,7,NA,1
1516500,"WALLEYE",2012,"LINCOLN",11.153640622864,517,18.019759,13,NA,1
1516800,"WALLEYE",2012,"LINCOLN",2.73404004125915,29,4.349597,4,NA,1
1517200,"WALLEYE",2000,"ONEIDA",19.0699292877826,221,4.349597,4,NA,1
1517200,"WALLEYE",2006,"ONEIDA",1.55343184162452,27,6.835081,5,NA,1
1517900,"WALLEYE",2002,"ONEIDA",3.96435805982577,51,4.970968,5,NA,1
1519600,"WALLEYE",2001,"LINCOLN",5.03311916686343,47,3.728226,2,NA,1
1520900,"WALLEYE",2003,"ONEIDA",1.70256129842047,103,23.612098,18,NA,1
1522400,"WALLEYE",2001,"ONEIDA",0.180198093628444,3,6.835081,4,NA,1
1523000,"WALLEYE",2001,"ONEIDA",13.772726707843,206,9.320565,6,14.4862555928023,2
1523000,"WALLEYE",2009,"ONEIDA",10.2650776094548,56,1.864113,2,NA,1
1523500,"WALLEYE",2008,"ONEIDA",0.956914014440702,6,2.485484,2,NA,1
1523600,"WALLEYE",1996,"ONEIDA",40.6377769768974,1465,13.670162,10,NA,1
1523600,"WALLEYE",2000,"ONEIDA",18.5666173710962,729,14.912904,NA,NA,1
1523600,"WALLEYE",2003,"ONEIDA",44.937676314514,1620,13.670162,11,NA,1
1523600,"WALLEYE",2015,"ONEIDA",46.9819926180919,437,3.728226,3,NA,1
1528300,"WALLEYE",2008,"ONEIDA",16.2737519728584,1100,26.097582,23,NA,1
1528300,"WALLEYE",2016,"ONEIDA",8.72407322256329,113,4.970968,4,NA,1
1528700,"WALLEYE",2010,"ONEIDA",26.6817453117427,146,1.864113,2,NA,1
1529500,"WALLEYE",2013,"ONEIDA",1.25517292803261,8,2.485484,2,NA,1
1529700,"WALLEYE",2013,"ONEIDA",5.90304099817316,48,3.106855,2,NA,1
1537800,"WALLEYE",1998,"ONEIDA",7.0774354704413,82,4.349597,NA,NA,1
1537800,"WALLEYE",2004,"ONEIDA",8.11512794064648,188,8.699194,NA,NA,1
1537800,"WALLEYE",2007,"ONEIDA",29.8010364497247,518,6.835081,5,NA,1
1537800,"WALLEYE",2009,"ONEIDA",12.3715311866977,215,6.835081,6,NA,1
1538900,"WALLEYE",2015,"ONEIDA",59.421874805821,453,3.106855,3,NA,1
1539700,"WALLEYE",2002,"VILAS",2.5849105844632,99,14.912904,10,NA,1
1540400,"WALLEYE",2002,"VILAS",1.73362993525296,57,12.42742,8,NA,1
1542300,"WALLEYE",1998,"ONEIDA",9.56292641704053,427,17.398388,NA,NA,1
1542300,"WALLEYE",2009,"ONEIDA",20.8035592230355,308,5.592339,5,NA,1
1542300,"WALLEYE",2015,"ONEIDA",12.3715311866977,221,6.835081,5,NA,1
1542400,"WALLEYE",1998,"ONEIDA",15.5281046888787,784,19.262501,NA,NA,1
1542400,"WALLEYE",2009,"ONEIDA",6.08323909180161,185,11.806049,7,NA,1
1542400,"WALLEYE",2015,"ONEIDA",4.04513651559024,123,11.806049,8,NA,1
1542700,"WALLEYE",1998,"ONEIDA",13.5583531136988,1318,37.28226,NA,NA,1
1542700,"WALLEYE",2009,"ONEIDA",2.43578112766724,307,48.466938,33,NA,1
1542700,"WALLEYE",2015,"ONEIDA",5.84090372450818,283,18.64113,13,NA,1
1543300,"WALLEYE",2011,"ONEIDA",45.7516745995253,589,4.970968,4,NA,1
1544700,"WALLEYE",2005,"ONEIDA",0.751861011346266,15,7.456452,7,NA,1
1544800,"WALLEYE",2005,"ONEIDA",0.689723737681286,22,12.42742,4,NA,1
1545300,"WALLEYE",1996,"VILAS",59.2043943479936,1353,8.699194,5,NA,1
1545300,"WALLEYE",2007,"VILAS",15.3168379584177,350,8.699194,5,NA,1
1545600,"WALLEYE",1998,"VILAS",16.9696894379062,1364,28.583066,NA,5.3252477338418,2
1545600,"WALLEYE",2005,"VILAS",44.1361054842358,1108,9.941936,7,NA,1
1545600,"WALLEYE",2008,"VILAS",31.3855369281817,394,4.970968,4,NA,1
1545600,"WALLEYE",2011,"VILAS",23.3574011706662,595,9.941936,8,NA,1
1545600,"WALLEYE",2014,"VILAS",32.3673058520884,436,4.970968,4,NA,1
1547700,"WALLEYE",1999,"LINCOLN",7.15200019883928,274,14.912904,8,NA,1
1547700,"WALLEYE",2006,"LINCOLN",6.73568046528391,307,17.398388,9,1.70478227783054,2
1555500,"WALLEYE",2004,"LINCOLN",1.87240317977142,38,7.456452,6,1.4584709307478,3
1558400,"WALLEYE",2010,"LINCOLN",0.155343184162452,1,2.485484,3,NA,1
1564200,"WALLEYE",2010,"ONEIDA",23.1461344402053,833,13.670162,11,NA,1
1564400,"WALLEYE",2003,"LINCOLN",16.0749126971305,238,5.592339,5,NA,1
1567325,"WALLEYE",2007,"ONEIDA",3.47968732523892,28,3.106855,3,NA,1
1567325,"WALLEYE",2008,"ONEIDA",7.13335901673978,56,3.106855,2,NA,1
1569600,"WALLEYE",2010,"ONEIDA",3.59774814520238,113,12.42742,9,NA,1
1569900,"WALLEYE",2005,"ONEIDA",5.56749972038227,60,4.349597,NA,NA,1
1569900,"WALLEYE",2006,"ONEIDA",15.3106242310512,170,4.349597,4,NA,1
1572000,"WALLEYE",2007,"ONEIDA",83.2950153479066,563,2.485484,2,NA,1
1573800,"WALLEYE",2007,"ONEIDA",1.13089838070265,31,10.563307,5,NA,1
1575700,"WALLEYE",2002,"ONEIDA",0.391464824089378,8,8.077823,6,NA,1
1575700,"WALLEYE",2010,"ONEIDA",0.590304099817316,4,2.485484,3,NA,1
1579700,"WALLEYE",2005,"LANGLADE",4.58573079647557,89,7.456452,6,4.00711710665323,2
1579900,"WALLEYE",2011,"ONEIDA",2.73404004125915,186,26.097582,24,NA,1
1586600,"WALLEYE",2013,"ONEIDA",19.8839275727938,96,1.864113,2,NA,1
1586600,"WALLEYE",2015,"ONEIDA",10.8740228913716,49,1.864113,1,NA,1
1588200,"WALLEYE",1998,"ONEIDA",11.3711210806915,729,24.85484,NA,NA,1
1588200,"WALLEYE",2002,"ONEIDA",8.07163184908099,630,30.447179,17,NA,1
1588200,"WALLEYE",2005,"ONEIDA",4.86534852796799,219,17.398388,NA,NA,1
1588200,"WALLEYE",2008,"ONEIDA",8.64329476679881,128,5.592339,4,NA,1
1588200,"WALLEYE",2011,"ONEIDA",6.424994096959,92,5.592339,4,NA,1
1588200,"WALLEYE",2014,"ONEIDA",7.36326692930021,111,5.592339,4,NA,1
1589100,"WALLEYE",2001,"ONEIDA",40.6377769768974,1151,11.184678,9,NA,1
1589300,"WALLEYE",2006,"ONEIDA",4.62922688804106,70,5.592339,4,NA,1
1589300,"WALLEYE",2009,"ONEIDA",1.87654566468242,70,14.291533,12,NA,1
1589300,"WALLEYE",2013,"ONEIDA",2.31772030770378,18,3.106855,3,NA,1
1589600,"WALLEYE",1998,"ONEIDA",12.6138665539911,201,6.21371,NA,NA,1
1589600,"WALLEYE",2009,"ONEIDA",12.2410429120012,65,1.864113,2,NA,1
1589600,"WALLEYE",2016,"ONEIDA",18.2124349112058,97,1.864113,2,NA,1
1590400,"WALLEYE",2008,"ONEIDA",0.615159009283309,51,32.311292,16,NA,1
1591100,"WALLEYE",2011,"VILAS",8.88563013409224,116,4.970968,4,NA,1
1592400,"WALLEYE",2003,"VILAS",17.9328171797134,1593,34.175405,24,NA,1
1592400,"WALLEYE",2006,"VILAS",9.61263623597251,665,26.718953,21,NA,1
1592400,"WALLEYE",2009,"VILAS",25.0723899238197,581,8.699194,8,NA,1
1592400,"WALLEYE",2012,"VILAS",11.7315172679484,304,9.941936,7,NA,1
1592400,"WALLEYE",2015,"VILAS",13.4030099295363,325,9.320565,6,NA,1
1593100,"WALLEYE",1997,"VILAS",29.8818149054892,529,6.835081,4,NA,1
1593100,"WALLEYE",2005,"VILAS",15.9382106950675,601,14.291533,NA,NA,1
1593400,"WALLEYE",2011,"VILAS",4.60437197857507,72,6.21371,4,NA,1
1593800,"WALLEYE",2005,"VILAS",7.85415139125356,163,8.077823,5,NA,1
1593800,"WALLEYE",2009,"VILAS",10.9672288018691,373,13.048791,11,NA,1
1593800,"WALLEYE",2011,"VILAS",8.33882212584041,243,11.184678,9,NA,1
1595300,"WALLEYE",1998,"ONEIDA",18.3491369132688,1692,35.418147,NA,NA,1
1595300,"WALLEYE",2012,"ONEIDA",21.0521083176955,1157,21.126614,16,NA,1
1595600,"WALLEYE",2011,"ONEIDA",2.16859085090783,82,14.912904,11,NA,1
1595600,"WALLEYE",2014,"ONEIDA",4.5111660680776,35,3.106855,3,NA,1
1595800,"WALLEYE",1998,"ONEIDA",10.1718716989573,475,18.019759,NA,NA,1
1595800,"WALLEYE",2006,"ONEIDA",13.4465060211018,158,4.349597,5,NA,1
1596300,"WALLEYE",1997,"VILAS",3.98921296929176,283,27.340324,16,NA,1
1596300,"WALLEYE",2015,"VILAS",7.66152584289212,191,9.320565,6,NA,1
1596900,"WALLEYE",1997,"ONEIDA",44.0926093926703,965,8.699194,2,NA,1
1597000,"WALLEYE",1997,"ONEIDA",27.6821554177489,392,5.592339,4,NA,1
1597600,"WALLEYE",2011,"ONEIDA",0.987982651273193,5,1.864113,2,NA,1
1598000,"WALLEYE",1997,"ONEIDA",13.4340785663688,147,4.349597,2,NA,1
1598000,"WALLEYE",2013,"ONEIDA",4.96476816583196,27,1.864113,2,NA,1
1598900,"WALLEYE",2004,"ONEIDA",2.74025376862565,225,32.311292,28,0.0175750750291811,2
1599600,"WALLEYE",2000,"VILAS",28.5520772490586,340,4.349597,3,NA,1
1599600,"WALLEYE",2013,"VILAS",14.471771036574,99,2.485484,2,NA,1
1599900,"WALLEYE",2013,"VILAS",3.65367169150086,10,1.242742,1,NA,1
1600100,"WALLEYE",2000,"VILAS",13.3346589285049,279,8.077823,3,NA,1
1600100,"WALLEYE",2013,"VILAS",19.2439136540445,105,1.864113,2,NA,1
1600200,"WALLEYE",2000,"VILAS",37.2823641989884,576,6.21371,3,NA,1
1600200,"WALLEYE",2013,"VILAS",30.6212484621025,241,3.106855,2,NA,1
1600300,"WALLEYE",2000,"VILAS",10.2340089726223,112,4.349597,2,NA,1
1600300,"WALLEYE",2013,"VILAS",5.88439981607367,34,2.485484,2,NA,1
1602300,"WALLEYE",2001,"VILAS",8.79242422359477,535,23.612098,NA,NA,1
1603700,"WALLEYE",2000,"VILAS",24.0844072725465,876,14.291533,10,NA,1
1603700,"WALLEYE",2013,"VILAS",16.9945443473722,309,6.835081,6,NA,1
1603800,"WALLEYE",2000,"ONEIDA",23.4630345358967,861,14.291533,6,NA,1
1603800,"WALLEYE",2013,"ONEIDA",46.9012141623274,708,5.592339,5,NA,1
1605200,"WALLEYE",1997,"VILAS",1.79576720891794,33,6.835081,6,NA,1
1605800,"WALLEYE",1997,"ONEIDA",15.3044105036847,463,11.806049,7,NA,1
1605800,"WALLEYE",2008,"ONEIDA",3.39580200579119,55,6.21371,5,0.531646019632721,2
1609000,"WALLEYE",2014,"ONEIDA",51.536654777735,598,4.349597,4,NA,1
1609100,"WALLEYE",2014,"ONEIDA",26.8930120422036,480,6.835081,4,NA,1
1609900,"WALLEYE",2008,"ONEIDA",1.76469857208545,6,1.242742,1,NA,1
1610600,"WALLEYE",2007,"ONEIDA",18.9580821951856,119,2.485484,2,NA,1
1610600,"WALLEYE",2014,"ONEIDA",42.9679247393341,316,3.106855,2,NA,1
1610700,"WALLEYE",2007,"ONEIDA",44.7636919482521,389,3.106855,4,NA,1
1610700,"WALLEYE",2014,"ONEIDA",54.3204046379261,521,3.728226,3,NA,1
1610800,"WALLEYE",2007,"ONEIDA",25.1904507437832,150,2.485484,2,NA,1
1610800,"WALLEYE",2014,"ONEIDA",15.2049908658208,93,2.485484,2,NA,1
1611700,"WALLEYE",2007,"ONEIDA",48.5167832776169,406,3.106855,2,NA,1
1611700,"WALLEYE",2014,"ONEIDA",44.2417388494662,351,3.106855,2,NA,1
1611800,"WALLEYE",2014,"ONEIDA",23.6618738116246,214,3.728226,3,NA,1
1612200,"WALLEYE",2007,"ONEIDA",84.2581430897138,678,3.106855,3,NA,1
1612200,"WALLEYE",2014,"ONEIDA",48.4049361850199,342,2.485484,3,NA,1
1612900,"WALLEYE",2014,"ONEIDA",20.5922924925746,229,4.349597,3,NA,1
1613000,"WALLEYE",2014,"ONEIDA",18.9270135583531,223,4.349597,3,NA,1
1614300,"WALLEYE",2009,"FOREST",16.4104539749214,183,4.349597,4,NA,1
1618100,"WALLEYE",2006,"ONEIDA",2.40471249083475,164,26.097582,19,NA,1
1618100,"WALLEYE",2015,"ONEIDA",1.9448966657139,37,7.456452,5,NA,1
1619100,"WALLEYE",1996,"VILAS",9.28952241291461,157,6.835081,5,NA,1
1619100,"WALLEYE",2011,"VILAS",2.47306349186623,13,1.864113,2,NA,1
1619700,"WALLEYE",2005,"VILAS",4.20047969975269,25,2.485484,2,NA,1
1619700,"WALLEYE",2010,"VILAS",10.3955658841513,324,11.806049,9,NA,1
1621000,"WALLEYE",2010,"VILAS",0.702151192414282,9,4.970968,3,NA,1
1621800,"WALLEYE",2010,"VILAS",2.20587321510681,39,6.835081,5,NA,1
1623400,"WALLEYE",2003,"VILAS",3.75309132936483,67,6.835081,7,NA,1
1623800,"WALLEYE",2007,"VILAS",43.2226875613606,946,8.699194,6,NA,1
1629500,"WALLEYE",2006,"VILAS",21.0769632271614,692,12.42742,9,NA,1
1629500,"WALLEYE",2016,"VILAS",16.3358892465234,183,4.349597,3,NA,1
1630100,"WALLEYE",2008,"VILAS",6.13294891073359,193,12.42742,9,NA,1
1630100,"WALLEYE",2011,"VILAS",1.41672983956156,47,13.048791,8,NA,1
1631900,"WALLEYE",2006,"VILAS",35.9277716330918,1272,13.670162,10,NA,1
1727700,"WALLEYE",2014,"CLARK",13.8006884809922,241,6.835081,7,NA,1
1832800,"WALLEYE",2007,"BARRON",4.14455615345421,12,1.242742,1,NA,1
1835300,"WALLEYE",1996,"VILAS",17.1809561683672,1128,25.476211,16,NA,1
1835300,"WALLEYE",2016,"VILAS",29.7886089949917,477,6.21371,4,NA,1
1836700,"WALLEYE",2002,"RUSK",0.298258913591907,1,1.242742,1,NA,1
1842400,"WALLEYE",2007,"VILAS",8.43202803633788,76,3.728226,3,NA,1
1875900,"WALLEYE",2000,"RUSK",17.2928032609641,148,4.349597,3,16.669958665178,2
1875900,"WALLEYE",2013,"RUSK",8.69921831309729,35,1.864113,1,NA,1
1881100,"WALLEYE",2009,"BARRON",4.76592889010402,78,9.941936,7,5.43948572153147,2
1881900,"WALLEYE",2005,"VILAS",47.6406477189407,529,4.349597,3,NA,1
1881900,"WALLEYE",2006,"VILAS",28.8503361626505,534,7.456452,6,NA,1
1881900,"WALLEYE",2007,"VILAS",34.4426907924988,510,5.592339,5,NA,1
1882500,"WALLEYE",2002,"WASHBURN",0.248549094659923,2,3.106855,2,NA,1
1884100,"WALLEYE",2010,"WASHBURN",6.67975691898542,43,2.485484,1,NA,1
2046500,"WALLEYE",2011,"SAWYER",160.003479687325,412,1.242742,1,NA,1
2046600,"WALLEYE",2016,"SAWYER",9.59399505387302,139,5.592339,4,NA,1
2053400,"WALLEYE",2005,"PIERCE",8.54387512893484,55,2.485484,NA,NA,1
2079000,"WALLEYE",2008,"BARRON",7.18306883567177,37,1.864113,1,NA,1
2079700,"WALLEYE",2004,"BARRON",9.85497160326593,241,9.320565,6,NA,1
2079700,"WALLEYE",2011,"BARRON",33.1937315918327,203,2.485484,2,NA,1
2079800,"WALLEYE",2011,"BARRON",9.05961450035418,70,3.106855,2,NA,1
2081200,"WALLEYE",2006,"BARRON",3.82144233039631,107,10.563307,6,NA,1
2081200,"WALLEYE",2013,"BARRON",2.8831694980551,64,8.699194,5,NA,1
2089500,"WALLEYE",2012,"BARRON",0.714578647147278,3,1.864113,1,NA,1
2094000,"WALLEYE",2012,"BARRON",0.838853194477239,5,2.485484,1,NA,1
2094100,"WALLEYE",2012,"BARRON",5.80983508767569,100,6.835081,4,NA,1
2094300,"WALLEYE",2012,"BARRON",2.06917121304386,13,2.485484,2,NA,1
2094600,"WALLEYE",2012,"BARRON",4.88398971006748,22,1.864113,1,NA,1
2098000,"WALLEYE",2010,"BARRON",3.79658742093032,25,2.485484,1,NA,1
2098200,"WALLEYE",2010,"BARRON",2.48549094659923,12,1.864113,1,NA,1
2100300,"WALLEYE",2009,"BARRON",58.5395255197783,179,1.242742,1,NA,1
2100800,"WALLEYE",2005,"BARRON",33.9953024221109,744,8.699194,6,NA,1
2100800,"WALLEYE",2011,"BARRON",44.0428995737383,241,1.864113,1,NA,1
2103200,"WALLEYE",2010,"BARRON",19.3309058371755,84,1.864113,1,NA,1
2105100,"WALLEYE",1996,"BARRON",7.15821392620577,599,32.311292,20,NA,1
2105100,"WALLEYE",2008,"BARRON",7.0898629251743,170,9.320565,5,NA,1
2105100,"WALLEYE",2014,"BARRON",5.48672126461779,106,7.456452,4,NA,1
2106800,"WALLEYE",2006,"WASHBURN",11.4084034448905,112,3.728226,2,NA,1
2106800,"WALLEYE",2009,"WASHBURN",27.5205985062199,930,13.048791,10,NA,1
2106800,"WALLEYE",2015,"WASHBURN",25.0040389227882,1529,23.612098,18,NA,1
2109300,"WALLEYE",2000,"WASHBURN",15.9475312861173,156,4.349597,2,19.6269650388377,2
2109600,"WALLEYE",2005,"BARRON",19.0637155604161,1951,39.767744,29,NA,1
2109600,"WALLEYE",2010,"BARRON",37.2450818347894,980,9.941936,7,NA,1
2109600,"WALLEYE",2016,"BARRON",36.2260305466837,822,8.699194,8,NA,1
2109800,"WALLEYE",2005,"BARRON",4.77214261747052,53,4.349597,3,NA,1
2109800,"WALLEYE",2010,"BARRON",6.87238246734686,47,2.485484,2,NA,1
2109800,"WALLEYE",2016,"BARRON",6.85374128524737,75,4.349597,2,NA,1
2112800,"WALLEYE",2005,"WASHBURN",14.2170082145476,167,4.349597,2,NA,1
2112800,"WALLEYE",2010,"WASHBURN",5.87197236134067,69,4.349597,2,NA,1
2112800,"WALLEYE",2016,"WASHBURN",7.48754147663017,88,4.349597,3,NA,1
2113300,"WALLEYE",2014,"SAWYER",17.81475635975,43,1.242742,2,NA,1
2128100,"WALLEYE",2001,"EAU CLAIRE",31.6900095691401,408,4.970968,4,36.687969123415,2
2128100,"WALLEYE",2003,"EAU CLAIRE",17.7091229945195,114,2.485484,3,NA,1
2133200,"WALLEYE",2002,"EAU CLAIRE",72.7006101880274,936,4.970968,6,66.1262197972929,2
2133200,"WALLEYE",2003,"EAU CLAIRE",12.2224017299017,118,3.728226,4,NA,1
2149900,"WALLEYE",2011,"EAU CLAIRE",23.0156461655088,100,1.864113,2,NA,1
2152800,"WALLEYE",2011,"CHIPPEWA",23.7861483589546,689,11.184678,9,NA,1
2152800,"WALLEYE",2015,"CHIPPEWA",24.20246809251,483,7.456452,5,NA,1
2157000,"WALLEYE",2014,"CHIPPEWA",1.19303565436763,10,3.106855,4,NA,1
2169200,"WALLEYE",2000,"CHIPPEWA",0.534380553518834,3,2.485484,2,NA,1
2171000,"WALLEYE",2010,"CHIPPEWA",1.98839275727938,8,1.864113,2,NA,1
2184900,"WALLEYE",2013,"CHIPPEWA",17.0877502578697,110,2.485484,2,NA,1
2204100,"WALLEYE",1995,"TAYLOR",10.8740228913716,70,2.485484,2,1.31813062718856,2
2217000,"WALLEYE",2001,"PRICE",15.1614947742553,122,3.106855,2,NA,1
2227500,"WALLEYE",2015,"RUSK",20.3685983073807,98,1.864113,2,NA,1
2228700,"WALLEYE",2015,"RUSK",20.921620042999,101,1.864113,2,NA,1
2229200,"WALLEYE",2010,"RUSK",40.2773807896405,551,5.592339,3,NA,1
2229200,"WALLEYE",2011,"RUSK",17.0753228031367,205,4.349597,4,NA,1
2229200,"WALLEYE",2012,"RUSK",23.4195384443312,245,4.349597,9,NA,1
2229200,"WALLEYE",2013,"RUSK",15.7331576919731,138,3.106855,3,NA,1
2229200,"WALLEYE",2014,"RUSK",19.6788745696994,190,3.728226,4,NA,1
2229200,"WALLEYE",2015,"RUSK",30.7082406452335,300,3.728226,3,NA,1
2230100,"WALLEYE",2015,"RUSK",4.55466215964308,22,1.864113,2,NA,1
2236800,"WALLEYE",2002,"PRICE",37.4004250189519,975,9.941936,10,NA,1
2239100,"WALLEYE",2000,"PRICE",0.285831458858911,1,1.242742,1,NA,1
2239300,"WALLEYE",2003,"PRICE",71.4578647147278,414,2.485484,2,NA,1
2239400,"WALLEYE",2002,"PRICE",43.5054121565362,514,4.970968,4,18.053995823726,2
2240000,"WALLEYE",2001,"PRICE",71.2279568021674,619,3.728226,3,13.5064451599255,2
2240100,"WALLEYE",2000,"PRICE",28.045658468689,334,4.970968,4,5.22419105242401,2
2242500,"WALLEYE",2000,"PRICE",94.802838430661,2197,8.699194,10,22.6366966375849,2
2242500,"WALLEYE",2003,"PRICE",14.49662594604,1736,45.981454,11,NA,1
2244200,"WALLEYE",2003,"PRICE",7.88522002808605,33,1.864113,2,NA,1
2245100,"WALLEYE",1997,"PRICE",21.1266730460934,51,1.242742,1,NA,1
2245100,"WALLEYE",1999,"PRICE",5.7974076329427,14,1.242742,1,NA,1
2245100,"WALLEYE",2000,"PRICE",50.5362446717288,122,1.242742,1,NA,1
2245100,"WALLEYE",2001,"PRICE",41.0106006188872,132,1.242742,2,0,2
2265100,"WALLEYE",2001,"IRON",11.91482222526,89,3.106855,2,8.7128434457164,2
2265100,"WALLEYE",2009,"IRON",5.36866044465433,19,1.242742,1,NA,1
2265100,"WALLEYE",2015,"IRON",2.60976549392919,10,1.242742,1,NA,1
2267800,"WALLEYE",1998,"PRICE",112.838182111922,1849,6.21371,4,16.6919275089645,2
2267800,"WALLEYE",2005,"PRICE",70.3642486982241,1155,6.21371,4,NA,1
2268300,"WALLEYE",1998,"PRICE",55.5382952017597,2816,20.505243,NA,8.44482355152139,2
2268300,"WALLEYE",2005,"PRICE",30.9257211030609,1075,13.670162,NA,NA,1
2268500,"WALLEYE",1998,"PRICE",73.95578311606,1074,5.592339,4,20.4633382509754,3
2268500,"WALLEYE",2005,"PRICE",35.9650539972908,301,3.106855,2,NA,1
2268600,"WALLEYE",1998,"VILAS",16.7459952527123,573,13.048791,8,10.9032608919011,3
2268600,"WALLEYE",2005,"VILAS",10.2029403357898,87,3.106855,2,NA,1
2271600,"WALLEYE",2003,"ONEIDA",22.8913716181789,1492,25.476211,19,NA,1
2272600,"WALLEYE",1996,"ONEIDA",33.2931512296966,659,7.456452,7,NA,1
2272600,"WALLEYE",2006,"ONEIDA",42.1104303627574,637,5.592339,4,NA,1
2272600,"WALLEYE",2008,"ONEIDA",28.9994656194465,70,1.242742,1,NA,1
2272600,"WALLEYE",2013,"ONEIDA",10.7186797072092,108,3.728226,3,NA,1
2275100,"WALLEYE",1995,"SAWYER",50.3684740328333,762,5.592339,5,NA,1
2275100,"WALLEYE",2013,"SAWYER",18.8897311941541,152,3.106855,2,NA,1
2275300,"WALLEYE",2013,"SAWYER",13.6950551157617,108,3.106855,2,NA,1
2283300,"WALLEYE",1996,"PRICE",73.8781115239788,2588,13.670162,10,27.7466497023193,2
2283300,"WALLEYE",1998,"PRICE",137.936462566435,4490,13.670162,13,46.4614141867698,3
2283300,"WALLEYE",2003,"PRICE",63.2743857730498,2281,13.670162,11,NA,1
2288900,"WALLEYE",2007,"PRICE",7.76715920812258,50,2.485484,2,NA,1
2294900,"WALLEYE",2009,"IRON",54.4881752768216,7354,52.195164,39,NA,1
2294900,"WALLEYE",2016,"IRON",36.4994345508097,5173,54.680648,39,NA,1
2295200,"WALLEYE",2002,"IRON",60.7826810990841,844,5.592339,4,22.0303565490782,2
2295200,"WALLEYE",2009,"IRON",97.4250313793232,1270,4.970968,4,NA,1
2295200,"WALLEYE",2013,"IRON",26.5636844917792,171,2.485484,2,NA,1
2295200,"WALLEYE",2016,"IRON",31.8018566617371,563,6.835081,4,NA,1
2296500,"WALLEYE",2001,"IRON",32.8954726782408,290,3.728226,2,5.7821996846005,2
2296500,"WALLEYE",2012,"IRON",5.57992717511527,22,1.242742,1,NA,1
2297800,"WALLEYE",2000,"IRON",46.4724669740391,1026,9.320565,7,4.46406905741194,2
2298300,"WALLEYE",2015,"IRON",6.45606273379149,53,3.106855,2,NA,1
2301800,"WALLEYE",2010,"IRON",8.38853194477239,54,2.485484,2,NA,1
2301800,"WALLEYE",2014,"IRON",2.66568904022767,21,3.106855,1,NA,1
2303500,"WALLEYE",1996,"IRON",14.1983670324481,1051,28.583066,21,NA,1
2303500,"WALLEYE",2001,"IRON",15.2547006847528,928,23.612098,16,NA,1
2303500,"WALLEYE",2010,"IRON",5.76633899611021,116,8.077823,4,NA,1
2303500,"WALLEYE",2015,"IRON",8.6681496762648,173,7.456452,4,NA,1
2306300,"WALLEYE",1998,"IRON",50.3498328507338,1183,9.320565,7,NA,1
2306300,"WALLEYE",2007,"IRON",37.5371270210148,441,4.349597,4,NA,1
2306300,"WALLEYE",2013,"IRON",10.5881914325127,121,4.349597,3,NA,1
2307300,"WALLEYE",2000,"IRON",3.86183155827855,70,6.835081,5,1.41918730860635,2
2307300,"WALLEYE",2013,"IRON",2.66568904022767,15,2.485484,1,NA,1
2309700,"WALLEYE",2007,"IRON",31.9944822100985,242,3.106855,2,NA,1
2309700,"WALLEYE",2013,"IRON",5.64827817614674,40,2.485484,2,NA,1
2310200,"WALLEYE",2010,"VILAS",6.67354319161892,146,8.699194,6,NA,1
2310800,"WALLEYE",2007,"VILAS",2.2555830340388,9,1.242742,1,NA,1
2311100,"WALLEYE",1997,"VILAS",3.38648141474145,103,11.806049,8,NA,1
2311700,"WALLEYE",2010,"VILAS",22.8851578908124,151,2.485484,3,NA,1
2313600,"WALLEYE",2002,"IRON",3.72823641989884,54,6.21371,4,3.32168918051518,2
2313600,"WALLEYE",2010,"IRON",5.59235462984826,36,2.485484,1,NA,1
2313600,"WALLEYE",2015,"IRON",3.26220686741149,19,2.485484,1,NA,1
2314100,"WALLEYE",2002,"IRON",8.06541812171449,94,4.970968,2,4.56951950758702,2
2314100,"WALLEYE",2015,"IRON",2.03810257621137,10,1.864113,1,NA,1
2316100,"WALLEYE",2011,"IRON",12.2783252762002,83,2.485484,2,NA,1
2318500,"WALLEYE",2012,"IRON",27.6510867809164,178,2.485484,2,NA,1
2327500,"WALLEYE",2004,"VILAS",25.873960754098,583,8.699194,NA,NA,1
2328700,"WALLEYE",1997,"VILAS",7.68638075235811,245,12.42742,9,NA,1
2328700,"WALLEYE",2004,"VILAS",12.6635763729231,538,16.155646,11,NA,1
2328700,"WALLEYE",2012,"VILAS",15.5343184162452,210,4.970968,4,NA,1
2328800,"WALLEYE",2004,"VILAS",15.1179986826898,146,3.728226,NA,NA,1
2328900,"WALLEYE",2004,"VILAS",3.35541277790896,27,3.106855,NA,NA,1
2329000,"WALLEYE",2004,"VILAS",10.4452757030833,237,8.699194,NA,NA,1
2329300,"WALLEYE",2004,"VILAS",10.4701306125492,180,6.835081,NA,NA,1
2329400,"WALLEYE",2004,"VILAS",4.72243279853853,111,9.320565,NA,NA,1
2329600,"WALLEYE",2004,"VILAS",38.8730784048119,488,4.970968,NA,NA,1
2329800,"WALLEYE",2004,"VILAS",14.5276945828725,173,4.349597,NA,NA,1
2330800,"WALLEYE",2002,"VILAS",9.52564405284154,374,14.912904,11,NA,1
2331600,"WALLEYE",2007,"VILAS",25.0413212869872,665,10.563307,10,NA,1
2331600,"WALLEYE",2010,"VILAS",8.84834776989325,292,13.048791,9,NA,1
2331600,"WALLEYE",2013,"VILAS",9.54428523494103,336,13.670162,9,NA,1
2331600,"WALLEYE",2016,"VILAS",9.52564405284154,343,13.670162,9,NA,1
2332400,"WALLEYE",1995,"VILAS",14.2729317608461,147,3.728226,3,NA,1
2334300,"WALLEYE",2004,"VILAS",8.64950849416531,103,4.349597,NA,NA,1
2334700,"WALLEYE",1995,"VILAS",44.2417388494662,1918,16.777017,12,NA,1
2336800,"WALLEYE",2016,"VILAS",30.9505760125269,269,3.106855,3,NA,1
2338300,"WALLEYE",1995,"VILAS",45.0681645892105,3519,30.447179,NA,NA,1
2339100,"WALLEYE",2005,"VILAS",15.9754930592665,408,9.941936,7,NA,1
2339100,"WALLEYE",2016,"VILAS",14.4655573092075,112,3.106855,2,NA,1
2339800,"WALLEYE",2005,"VILAS",26.3337765792188,178,2.485484,2,NA,1
2340500,"WALLEYE",2011,"VILAS",9.17146159295115,31,1.242742,1,NA,1
2340700,"WALLEYE",2011,"VILAS",25.0786036511862,222,3.728226,3,NA,1
2343200,"WALLEYE",2009,"VILAS",7.58074738712764,155,8.077823,7,NA,1
2344000,"WALLEYE",2009,"VILAS",11.265487715461,237,8.077823,7,NA,1
2349600,"WALLEYE",2001,"RUSK",0.484670734586849,3,2.485484,2,NA,1
2350200,"WALLEYE",2012,"RUSK",3.2124970484795,30,3.728226,2,NA,1
2350500,"WALLEYE",2012,"RUSK",3.5418245989039,45,4.970968,2,NA,1
2350600,"WALLEYE",2012,"RUSK",0.347968732523892,1,1.242742,1,NA,1
2351400,"WALLEYE",2016,"CHIPPEWA",34.3867672462003,321,3.728226,3,NA,1
2355300,"WALLEYE",1997,"RUSK",17.1933836231002,83,1.864113,1,NA,1
2355300,"WALLEYE",2001,"RUSK",3.8649384219618,28,3.106855,2,NA,1
2359700,"WALLEYE",1998,"RUSK",7.64288466079262,45,2.485484,2,NA,1
2359700,"WALLEYE",2000,"RUSK",18.6722507363267,110,2.485484,2,NA,1
2359700,"WALLEYE",2003,"RUSK",11.7750133595138,294,11.806049,8,4.48164413244112,2
2381100,"WALLEYE",2005,"SAWYER",5.31273689835585,94,6.835081,4,NA,1
2381900,"WALLEYE",2013,"SAWYER",29.6208383560963,143,1.864113,2,NA,1
2382300,"WALLEYE",2010,"SAWYER",12.6884312823891,98,3.106855,2,NA,1
2390800,"WALLEYE",2001,"SAWYER",10.9672288018691,893,31.689921,NA,NA,1
2390800,"WALLEYE",2016,"SAWYER",3.51696968943791,150,16.777017,9,NA,1
2391200,"WALLEYE",2000,"SAWYER",23.4692482632632,1065,17.398388,15,NA,1
2391200,"WALLEYE",2003,"SAWYER",68.2684472250381,5244,43.49597,50,16.1491099189753,7
2391200,"WALLEYE",2006,"SAWYER",15.2857693215852,1026,26.097582,49,NA,1
2391200,"WALLEYE",2009,"SAWYER",61.3667714715349,1037,6.835081,5,NA,1
2391200,"WALLEYE",2012,"SAWYER",33.4360669591261,565,6.835081,5,NA,1
2391200,"WALLEYE",2015,"SAWYER",46.8701455254949,1584,13.048791,12,NA,1
2392000,"WALLEYE",2002,"SAWYER",10.5074129767482,548,19.883872,14,NA,1
2392000,"WALLEYE",2003,"SAWYER",8.69921831309729,28,1.242742,1,NA,1
2393200,"WALLEYE",2007,"SAWYER",31.5533075670772,518,6.21371,5,NA,1
2393500,"WALLEYE",1997,"SAWYER",33.883455329514,927,10.563307,7,NA,1
2393500,"WALLEYE",2010,"SAWYER",43.7259994780469,577,4.970968,4,NA,1
2393500,"WALLEYE",2015,"SAWYER",16.143263698162,213,4.970968,5,NA,1
2395500,"WALLEYE",2010,"SAWYER",3.10686368324903,15,1.864113,1,NA,1
2395600,"WALLEYE",2010,"SAWYER",14.9191594069619,461,11.806049,9,NA,1
2396800,"WALLEYE",2013,"SAWYER",1.24274547329961,4,1.242742,1,NA,1
2399700,"WALLEYE",2011,"SAWYER",15.3479065952502,2296,57.787503,37,NA,1
2399700,"WALLEYE",2013,"SAWYER",4.41174643021363,49,4.349597,5,NA,1
2406500,"WALLEYE",2000,"ASHLAND",9.61263623597251,164,6.21371,3,1.49388137748037,2
2406500,"WALLEYE",2012,"ASHLAND",3.78415996619732,39,3.728226,3,NA,1
2410400,"WALLEYE",2001,"ASHLAND",0.332434414107647,3,3.728226,2,0.153781906505332,2
2417000,"WALLEYE",2004,"SAWYER",68.6430462177042,2607,14.912904,12,NA,1
2418600,"WALLEYE",2004,"SAWYER",12.2596840941007,446,14.291533,7,NA,1
2423000,"WALLEYE",2005,"SAWYER",6.79160401158239,160,9.320565,5,NA,1
2423000,"WALLEYE",2015,"SAWYER",9.19010277505064,108,4.349597,2,NA,1
2429300,"WALLEYE",2001,"SAWYER",23.9352778157506,339,5.592339,NA,NA,1
2429600,"WALLEYE",2002,"ASHLAND",10.3272148831198,113,3.728226,2,1.42358107736365,2
2429600,"WALLEYE",2011,"ASHLAND",1.83926330048343,8,1.864113,1,NA,1
2435700,"WALLEYE",2008,"SAWYER",8.59358494786683,285,13.048791,9,NA,1
2452400,"WALLEYE",2001,"DOUGLAS",28.145078106553,226,3.106855,2,1.13798610813946,2
2452400,"WALLEYE",2016,"DOUGLAS",4.47388370387861,18,1.864113,1,NA,1
2453400,"WALLEYE",2001,"BURNETT",0.254762822026421,2,3.106855,2,0.0527252250875425,2
2461100,"WALLEYE",1995,"BURNETT",7.87279257335305,256,12.42742,8,NA,1
2461100,"WALLEYE",2013,"BURNETT",1.55343184162452,13,3.106855,2,NA,1
2469800,"WALLEYE",2013,"BARRON",12.4274547329961,50,1.864113,1,NA,1
2470000,"WALLEYE",2014,"WASHBURN",0.820212012377745,5,2.485484,1,NA,1
2485700,"WALLEYE",2015,"POLK",6.56169609902196,19,1.242742,1,NA,1
2486300,"WALLEYE",2002,"BURNETT",0.273404004125915,1,1.242742,1,NA,1
2488600,"WALLEYE",2013,"DOUGLAS",2.73404004125915,11,1.864113,1,NA,1
2490500,"WALLEYE",2004,"POLK",3.62260305466837,154,16.155646,11,NA,1
2490500,"WALLEYE",2011,"POLK",1.44158474902755,16,4.349597,1,NA,1
2490500,"WALLEYE",2015,"POLK",2.19344576037382,18,3.106855,2,NA,1
2495100,"WALLEYE",2006,"BURNETT",0.565449190351324,29,19.883872,13,NA,1
2495100,"WALLEYE",2014,"BURNETT",4.34339542918215,58,4.970968,3,NA,1
2496300,"WALLEYE",2013,"WASHBURN",10.2340089726223,168,6.21371,4,NA,1
2496900,"WALLEYE",2008,"WASHBURN",1.44779847639405,7,1.864113,1,NA,1
2615100,"WALLEYE",2016,"POLK",43.2848248350255,450,3.728226,3,NA,1
2615900,"WALLEYE",2006,"POLK",2.48549094659923,12,1.864113,1,NA,1
2616000,"WALLEYE",2006,"POLK",1.46022593112705,2,0.621371,0,NA,1
2616100,"WALLEYE",2006,"POLK",1.2924552922316,5,1.242742,1,NA,1
2618000,"WALLEYE",2007,"POLK",3.49832850733841,272,29.825808,19,NA,1
2618100,"WALLEYE",2007,"POLK",1.06254737967117,6,2.485484,NA,NA,1
2620600,"WALLEYE",2002,"POLK",7.74851802602309,1145,57.166132,NA,NA,1
2620600,"WALLEYE",2005,"POLK",4.74107398063803,729,59.651616,NA,NA,1
2620600,"WALLEYE",2008,"POLK",14.509053400773,530,14.291533,9,NA,1
2620600,"WALLEYE",2011,"POLK",7.52482384082916,275,14.291533,8,NA,1
2620600,"WALLEYE",2014,"POLK",2.8955969527881,109,14.291533,8,NA,1
2621100,"WALLEYE",2001,"POLK",6.91587855891235,316,17.398388,NA,NA,1
2621100,"WALLEYE",2006,"POLK",2.60355176656269,119,17.398388,10,NA,1
2624600,"WALLEYE",2007,"POLK",2.10023984987635,44,8.077823,8,NA,1
2627400,"WALLEYE",2012,"POLK",6.32557445909503,58,3.728226,3,NA,1
2631200,"WALLEYE",2008,"BARRON",1.23653174593312,7,2.485484,1,NA,1
2638700,"WALLEYE",2001,"BURNETT",0.416319733555371,3,3.106855,2,NA,1
2638700,"WALLEYE",2008,"BURNETT",0.205053003094436,2,3.728226,2,NA,1
2640100,"WALLEYE",2013,"BURNETT",3.01987150011806,18,2.485484,2,NA,1
2640700,"WALLEYE",2005,"POLK",0.51573937141934,2,1.242742,1,NA,1
2641000,"WALLEYE",2003,"POLK",9.14039295611866,100,4.349597,3,NA,1
2641000,"WALLEYE",2011,"POLK",28.8751910721165,158,1.864113,1,NA,1
2651800,"WALLEYE",2000,"BURNETT",2.7185057228429,35,4.970968,NA,3.62485922476855,2
2656200,"WALLEYE",1995,"BURNETT",1.72741620788646,13,3.106855,1,NA,1
2661100,"WALLEYE",2012,"BARRON",0.689723737681286,7,3.728226,2,NA,1
2674100,"WALLEYE",2009,"BURNETT",0.254762822026421,2,3.106855,2,NA,1
2674200,"WALLEYE",2009,"BURNETT",0.217480457827432,1,1.864113,1,NA,1
2674800,"WALLEYE",2008,"BURNETT",11.7377309953149,68,2.485484,2,NA,1
2675200,"WALLEYE",2008,"BURNETT",20.0579119390558,255,4.970968,3,NA,1
2675200,"WALLEYE",2014,"BURNETT",5.66070563087974,72,4.970968,5,NA,1
2676800,"WALLEYE",2008,"BURNETT",0.205053003094436,2,3.728226,2,NA,1
2676800,"WALLEYE",2009,"BURNETT",0.410106006188872,5,4.970968,2,NA,1
2678100,"WALLEYE",1997,"BURNETT",12.1291958194042,164,4.970968,3,NA,1
2678100,"WALLEYE",2004,"BURNETT",4.34960915654865,98,8.699194,5,NA,1
2678100,"WALLEYE",2007,"BURNETT",4.97098189319845,56,4.349597,3,NA,1
2678100,"WALLEYE",2010,"BURNETT",7.45647283979768,42,2.485484,2,NA,1
2678100,"WALLEYE",2013,"BURNETT",3.37405396000845,19,2.485484,2,NA,1
2678300,"WALLEYE",2002,"BURNETT",0.248549094659923,4,6.21371,4,0,2
2691500,"WALLEYE",1998,"WASHBURN",13.2725216548399,660,19.262501,NA,NA,1
2693100,"WALLEYE",2002,"DOUGLAS",1.80198093628444,16,3.728226,3,0.316351350525255,2
2693700,"WALLEYE",2001,"DOUGLAS",23.8358581778866,583,9.320565,8,NA,1
2693700,"WALLEYE",2008,"DOUGLAS",2.77753613282464,17,2.485484,2,NA,1
2694000,"WALLEYE",2005,"DOUGLAS",9.47593423390955,421,17.398388,11,NA,1
2694000,"WALLEYE",2009,"DOUGLAS",9.72448332856948,108,4.349597,2,NA,1
2694000,"WALLEYE",2014,"DOUGLAS",10.6254737967117,118,4.349597,4,NA,1
2695800,"WALLEYE",2005,"WASHBURN",5.56128599301577,68,4.970968,3,NA,1
2704200,"WALLEYE",2008,"SAWYER",4.43038761231312,224,19.262501,11,NA,1
2704200,"WALLEYE",2014,"SAWYER",4.89020343743398,118,9.320565,9,NA,1
2706300,"WALLEYE",2001,"WASHBURN",0.341755005157394,2,2.485484,1,NA,1
2706500,"WALLEYE",1999,"BURNETT",5.7849801782097,149,9.941936,6,NA,1
2706500,"WALLEYE",2003,"BURNETT",4.89020343743398,129,9.941936,7,NA,1
2706800,"WALLEYE",2007,"BURNETT",5.99624690867064,137,8.699194,7,NA,1
2706800,"WALLEYE",2012,"BURNETT",1.57828675109051,18,4.349597,3,NA,1
2710800,"WALLEYE",2014,"WASHBURN",0.714578647147278,3,1.864113,1,NA,1
2726000,"WALLEYE",2002,"SAWYER",1.24274547329961,3,1.242742,2,NA,1
2726100,"WALLEYE",2001,"SAWYER",2.60976549392919,21,3.106855,2,NA,1
2726100,"WALLEYE",2002,"SAWYER",1.10604347123666,16,5.592339,3,NA,1
2732600,"WALLEYE",2002,"BAYFIELD",52.0275392396883,7184,53.437906,32,NA,1
2734000,"WALLEYE",2015,"BAYFIELD",8.64329476679881,32,1.242742,1,NA,1
2734200,"WALLEYE",2002,"BAYFIELD",12.6511489181901,114,3.728226,3,NA,1
2742100,"WALLEYE",1998,"BAYFIELD",48.5416381870829,1203,9.320565,7,NA,1
2742100,"WALLEYE",2004,"BAYFIELD",20.4493767631451,1448,27.340324,13,NA,1
2742100,"WALLEYE",2007,"BAYFIELD",14.459343581841,512,13.670162,7,NA,1
2742100,"WALLEYE",2010,"BAYFIELD",14.8818770427629,454,11.806049,7,1.64326951522841,2
2742100,"WALLEYE",2013,"BAYFIELD",14.608473038637,181,4.970968,4,NA,1
2742100,"WALLEYE",2016,"BAYFIELD",4.1942659723862,52,4.970968,3,NA,1
2742500,"WALLEYE",1998,"BAYFIELD",20.9402612250985,182,3.106855,3,NA,1
2742500,"WALLEYE",2004,"BAYFIELD",18.5231212795307,161,3.106855,3,NA,1
2742500,"WALLEYE",2007,"BAYFIELD",13.1171784706774,114,3.106855,2,NA,1
2742500,"WALLEYE",2010,"BAYFIELD",23.6743012663576,104,1.864113,1,NA,1
2742500,"WALLEYE",2013,"BAYFIELD",15.1179986826898,73,1.864113,3,NA,1
2742500,"WALLEYE",2016,"BAYFIELD",11.1847092596965,54,1.864113,1,NA,1
2742700,"WALLEYE",2002,"BAYFIELD",26.0976549392919,168,2.485484,2,NA,1
2742700,"WALLEYE",2004,"BAYFIELD",20.7414219493706,741,13.670162,8,NA,1
2743300,"WALLEYE",2002,"BAYFIELD",3.10686368324903,9,1.242742,1,NA,1
2747300,"WALLEYE",2009,"DOUGLAS",18.9518684678191,610,12.42742,9,20.9143392847252,2
2747300,"WALLEYE",2015,"DOUGLAS",24.5255819155679,375,6.21371,5,NA,1
2762200,"WALLEYE",2006,"VILAS",15.8015086930046,534,13.048791,11,NA,1
2767100,"WALLEYE",2001,"BAYFIELD",1.78333975418495,29,6.21371,5,NA,1
2767100,"WALLEYE",2011,"BAYFIELD",0.54680800825183,6,4.349597,2,NA,1
2856400,"WALLEYE",2012,"DOUGLAS",3.05094013695055,27,3.728226,3,NA,1
2858100,"WALLEYE",1999,"DOUGLAS",15.7704400561721,304,7.456452,6,NA,1
2858100,"WALLEYE",2006,"DOUGLAS",10.1532305168578,250,9.320565,6,NA,1
2865000,"WALLEYE",1998,"DOUGLAS",17.0566816210372,593,13.670162,12,NA,1
2865000,"WALLEYE",2005,"DOUGLAS",6.28829209489604,436,26.718953,19,NA,1
2865000,"WALLEYE",2012,"DOUGLAS",14.7078926765009,142,3.728226,3,NA,1
2865000,"WALLEYE",2014,"DOUGLAS",6.31936073172853,61,3.728226,5,NA,1
2866200,"WALLEYE",1995,"DOUGLAS",9.27088123081512,439,18.019759,NA,NA,1
2866200,"WALLEYE",2000,"DOUGLAS",8.44445549107087,371,16.777017,13,NA,1
2882300,"WALLEYE",2008,"BAYFIELD",22.0587321510681,142,2.485484,2,NA,1
2897100,"WALLEYE",1996,"BAYFIELD",3.63503050940137,117,12.42742,9,NA,1
2897100,"WALLEYE",2003,"BAYFIELD",3.07579504641654,99,12.42742,NA,NA,1
2897100,"WALLEYE",2006,"BAYFIELD",1.67770638895448,54,12.42742,8,NA,1
2897100,"WALLEYE",2009,"BAYFIELD",1.32663079274734,21,6.21371,4,0.408620494428455,2
2897100,"WALLEYE",2010,"BAYFIELD",11.1847092596965,90,3.106855,2,NA,1
2897100,"WALLEYE",2012,"BAYFIELD",2.30839971665403,36,6.21371,4,1.68281343404407,2
2897100,"WALLEYE",2015,"BAYFIELD",7.33219829246772,59,3.106855,2,NA,1
2897300,"WALLEYE",2009,"BAYFIELD",7.88522002808605,33,1.864113,1,NA,1
2897300,"WALLEYE",2012,"BAYFIELD",1.47886711322654,12,3.106855,2,NA,1
2899400,"WALLEYE",2010,"BAYFIELD",2.48549094659923,10,1.864113,2,NA,1
2900200,"WALLEYE",2007,"BAYFIELD",2.99501659065207,241,31.06855,18,NA,1
2900200,"WALLEYE",2008,"BAYFIELD",1.24274547329961,12,3.728226,2,NA,1
2900200,"WALLEYE",2010,"BAYFIELD",0.93205910497471,9,3.728226,2,NA,1
2900200,"WALLEYE",2012,"BAYFIELD",0.727006101880274,7,3.728226,3,NA,1
2900200,"WALLEYE",2013,"BAYFIELD",4.34960915654865,168,14.912904,9,NA,1
2900200,"WALLEYE",2015,"BAYFIELD",3.66609914623386,59,6.21371,4,NA,1
2902900,"WALLEYE",2001,"BAYFIELD",1.2862415648651,48,14.291533,NA,NA,1
2902900,"WALLEYE",2010,"BAYFIELD",1.12468465333615,21,7.456452,3,1.13359233938216,2
2904000,"WALLEYE",2010,"BAYFIELD",14.3537102166105,631,17.398388,11,9.63992865350569,2
2904000,"WALLEYE",2016,"BAYFIELD",11.414617172257,248,8.699194,6,NA,1
2914800,"WALLEYE",1999,"ASHLAND",14.0119552114531,186,4.970968,3,NA,1
2914800,"WALLEYE",2011,"ASHLAND",4.5049523407111,29,2.485484,1,NA,1
2935300,"WALLEYE",2001,"ASHLAND",17.5693141287733,142,3.106855,2,6.07658219133928,2
2935300,"WALLEYE",2015,"ASHLAND",4.56087588700958,16,1.242742,1,NA,1
2935500,"WALLEYE",2007,"ASHLAND",22.369418519393,108,1.864113,1,NA,1
2935500,"WALLEYE",2014,"ASHLAND",4.28747188288367,20,1.864113,1,NA,1
2936200,"WALLEYE",2007,"ASHLAND",45.5683696422136,220,2.485484,2,16.401938770983,2
2942300,"WALLEYE",2000,"IRON",28.893832254216,465,6.21371,6,1.31813062718856,2
2942300,"WALLEYE",2003,"IRON",32.3238097605229,2830,33.554034,NA,NA,1
2945500,"WALLEYE",2014,"IRON",16.8889109821417,84,1.864113,1,NA,1
2949200,"WALLEYE",1998,"IRON",63.4297289572123,1225,7.456452,6,NA,1
2949200,"WALLEYE",2002,"IRON",45.1862254091739,1709,14.912904,11,NA,1
2949200,"WALLEYE",2005,"IRON",19.4676078392384,564,11.184678,22,NA,1
2949200,"WALLEYE",2008,"IRON",51.4683037767035,497,3.728226,3,NA,1
2949200,"WALLEYE",2011,"IRON",42.3589794574173,409,3.728226,3,NA,1
2949200,"WALLEYE",2014,"IRON",26.6133943107112,257,3.728226,3,NA,1
2953500,"WALLEYE",2002,"VILAS",4.10727378925522,429,40.389115,29,NA,1
2954500,"WALLEYE",1998,"VILAS",7.0836491978078,156,8.699194,6,NA,1
2954500,"WALLEYE",2016,"VILAS",2.60355176656269,36,5.592339,2,NA,1
2954800,"WALLEYE",2008,"VILAS",11.8185094510793,521,17.398388,13,1.1951051019843,2
2956500,"WALLEYE",2012,"VILAS",12.4647370971951,196,6.21371,4,NA,1
2956700,"WALLEYE",2012,"VILAS",2.17480457827432,7,1.242742,1,NA,1
2956800,"WALLEYE",2012,"VILAS",9.11553804665266,66,3.106855,3,NA,1
2958500,"WALLEYE",1997,"VILAS",18.6411820994942,540,11.184678,7,NA,1
2962400,"WALLEYE",2009,"VILAS",15.7207302372401,167,4.349597,3,NA,1
2962900,"WALLEYE",2009,"VILAS",6.30693327699554,68,4.349597,3,NA,1
2963800,"WALLEYE",1999,"VILAS",16.8205599811103,747,17.398388,4,NA,1
2963800,"WALLEYE",2008,"VILAS",35.9526265425578,486,4.970968,4,NA,1
2964100,"WALLEYE",2008,"VILAS",45.7330334174258,368,3.106855,2,NA,1
2964400,"WALLEYE",2007,"VILAS",3.5231834168044,17,1.864113,1,NA,1
